,4
electro,13
sillyname,3
british,71
thrash,10
r&b,18
nu,8
house,18
dream,4
score,4
composer,15
swiss,2
space,2
lazy,2
electronica,42
southern,5
dance,89
hall,16
bass,10
black,10
avant,4
70s,5
up,3
roll,9
american,90
méxico,3
country,25
berlin,4
va,5
game,3
contemporary,25
south,2
modern,2
travis,3
los,2
power,26
español,5
electonic,2
vocalist,3
jump,2
urban,2
bebop,2
make,2
using,2
groove,5
are,5
bossa,2
polish,4
mexican,2
dub,2
van,2
chillout,3
speed,7
soul,34
warp,5
blues,50
scandinavia,3
of,8
goth,5
production,3
pub,2
eurovision,5
bravo,2
américain,21
world,4
europop,2
scottish,4
gospel,2
classic,88
vocalists,5
dutch,5
latin,9
want,2
devotional,2
hard,32
your,2
anti,2
prog,5
songwriter,19
teen,2
sludge,5
no,2
big,4
california,8
music,11
male,4
greek,2
likedis,2
swedish,8
group,3
1,6
60s,2
deep,6
australien,2
sophisti,6
scandinavian,3
triphop,3
rhythm,5
funk,12
hiphop,6
aor,12
piano,7
garage,9
scandinavie,3
seen,6
japanese,4
rapper,2
swing,3
live,9
japan,2
vocal,9
darkwave,2
chart,24
math,3
deathcore,2
rock,705
wave,20
concerto,2
united,16
lounge,2
electric,3
celtic,5
soft,13
fi,2
francophone,3
indietronica,3
credits,2
england,10
collection,3
acoustic,15
fusion,3
my,2
for,2
arena,2
reggae,15
tags,7
techno,5
this,4
brazil,2
andrade,2
french,9
10s,3
hop,89
usa,44
experimental,21
christmas,4
emo,9
tang,2
90s,6
various,4
alternative,99
english,48
ambient,12
canadian,8
folktronica,2
label,2
rockabilly,2
ipi,2
film,7
e,2
jam,3
sunshine,3
mess,9
metalcore,7
what,2
hands,2
acid,2
madchester,2
irish,4
suède,3
kingdom,5
australie,2
look,2
album,3
revival,6
wu,2
baroque,4
rapcore,3
post,48
lo,3
don't,4
80,2
listen,2
drum,9
sound,3
desi,2
jazz,35
b,2
idm,2
uk,61
romantic,3
greatest,2
lyrics,3
stoner,2
bop,2
symphonic,18
psychedelic,19
abstract,2
punk,94
doom,7
easy,5
soundtrack,12
chanteur,2
singer,22
gothic,22
hip,79
5,2
auto,2
jackson,3
synth,6
rumba,3
alt,2
noise,5
scotland,2
finland,2
rate,2
00s,6
john,2
college,2
soundtracks,6
psychobilly,3
video,4
to,8
disc,2
art,19
german,30
j,2
traditional,3
awesomename,2
is,3
queen,3
us,4
gangsta,2
extreme,3
psytrance,2
covers,2
classical,17
in,3
designer,2
finnish,6
flamenco,2
n2,3
european,17
age,7
technical,2
la,2
janet,2
ng,2
electroclash,2
euro,8
de,2
east,5
spain,2
ska,9
asian,4
norwegian,5
york,5
heavy,21
australian,4
county,2
proto,2
band,11
britannique,14
glam,14
melodic,10
sweden,6
comedy,4
fixme,5
americana,3
purple,4
stop,3
skate,2
the,11
death,36
lung,3
dark,5
ibiza,2
a,6
you,6
electropop,20
opera,8
love,3
coast,8
barker,3
crossover,4
producer,3
bluegrass,3
metal,235
political,3
français,3
hardcore,28
garde,3
core,4
christian,7
multiple,2
trip,15
listening,5
downtempo,10
krautrock,3
brazilian,3
indie,148
new,41
fix,3
australia,2
musicals,5
grunge,11
tag,2
rap,24
west,4
orange,2
heart,2
by,12
industrial,15
liz,2
artists,3
nuevo,2
instrumental,10
pop,379
female,5
disco,7
nova,2
hits,4
tango,4
down,3
synthpop,20
club,3
folk,66
spanish,4
neo,6
scandinave,3
electronic,49
why,2
france,5
states,11
progressive,37
psychedelia,2
adult,6
eurodance,5
jangle,2
trance,20
automod,2
vol,2
artist,12
4ad,4
s,4
and,248
&,11
80s,11
suédois,3
rnb,23
shoegaze,3
cancer,5
family,3
tempo,2
