,3
en,2
prog,3
variations,2
acoustic,20
political,4
acid,6
texas,4
ambient,22
blue,7
symphonic,8
&,14
adult,13
math,2
celtic,5
revival,7
europop,2
contemporary,31
surf,4
cumbia,2
italian,2
swedish,11
electronic,62
merging,4
n2,2
easy,5
ballad,2
noise,4
fail,2
jam,2
bay,5
hall,21
dark,5
house,23
diabetes,2
americana,5
chill,2
shoegazing,3
rockabilly,3
electronica,40
groove,2
melodic,8
nu,9
or,2
bebop,2
this,10
ipi,2
electro,7
compositeur,4
80s,16
brazilian,3
2,4
soundtracks,5
seen,4
german,22
deep,2
uk,76
into,3
soundtrack,9
musicals,5
blues,42
industrial,17
english,57
winnipeg,2
as,2
songwriter,16
southern,8
roots,3
warp,3
scottish,5
arena,3
pianist,5
art,19
big,5
ireland,4
boy,4
norwegian,10
00s,9
power,20
euro,5
game,2
experimental,16
progressive,29
angeles,2
synthpop,19
lo,3
glam,8
mozart,2
rap,29
crossover,3
blood,2
fixme,3
black,10
downtempo,9
garage,9
us,6
usa,26
chanteur,2
and,273
listening,5
los,2
no,3
of,4
standards,3
polish,3
norway,3
norvège,2
merge,4
dream,8
parolier,2
step,3
still,2
bass,3
band,10
irlande,2
beat,2
stoner,6
dancehall,5
chart,39
bossa,2
eurodance,2
sophisti,5
baroque,7
bach,2
español,2
out,2
european,24
goldberg,2
oxford,2
alternative,131
it's,2
mod,4
chillout,2
folk,62
avant,3
funk,14
mergeme,2
poetry,2
stevie,2
smooth,3
norsk,3
jangle,4
neighbours,2
neo,9
dutch,5
idm,4
eyed,7
british,84
kingdom,4
neoclassical,2
don't,4
vocalist,3
alt,2
synth,7
vocalists,9
multiple,2
wave,23
music,15
breakbeat,2
latin,4
electropop,17
techno,9
fix,6
rhythm,11
américain,10
states,9
4ad,5
world,3
canada,8
the,11
seriously,2
soul,56
français,3
college,2
french,12
greatest,2
britpop,8
melbourne,2
psychedelia,7
ethereal,2
cabaret,2
nova,2
france,4
hip,91
east,5
gospel,4
grime,2
ray,2
psychedelic,22
jazz,38
thrash,30
american,85
conscious,6
post,47
metallica,2
a,2
ebm,2
francophone,3
christmas,8
tech,2
doom,5
artist,4
coast,10
finnish,3
not,3
age,3
gothic,12
broken,3
dance,99
metal,183
10s,7
emo,10
canadien,3
austrian,4
rapper,2
lyrics,2
film,8
complete,3
cancer,3
lyricist,2
manchester,2
dubstep,4
needs,4
disco,11
up,2
parlophone,2
australian,6
todo,2
90s,9
glitch,2
pop,429
production,2
composer,26
speed,4
rnb,35
indie,181
united,13
hits,3
murder,2
drum,3
rock,725
fi,3
area,5
trance,13
producer,9
new,30
death,34
teen,4
wrong,4
b,2
indietronica,3
reggae,16
classical,13
r,2
group,2
goth,2
score,8
pneumonia,2
works,3
darkwave,3
underground,2
spoken,2
male,2
female,12
cool,4
word,2
heavy,16
hiphop,5
piano,10
shoegaze,3
west,5
live,6
filk,2
christian,3
metalcore,5
70s,6
screamo,2
ska,7
remix,2
gun,3
hop,98
irish,6
britannique,18
minimal,2
singer,19
electric,4
south,3
garde,2
northern,5
producteur,4
punk,88
space,4
hardcore,26
chamber,5
by,18
instrumental,3
australia,3
norvégien,2
irlandais,2
boogie,2
please,7
classic,75
vocal,7
grunge,18
country,25
vaughan,2
hard,36
comedy,2
gangsta,2
flesh,2
romantic,3
gould,2
belgian,4
opera,3
use,6
trip,8
soft,10
roll,10
california,4
swing,5
aor,7
england,16
icelandic,2
60s,2
canadian,15
london,7
my,3
electroclash,3
r&b,19
berlin,2
montréal,2
