drum,12
electro,20
christmas,12
aor,19
piano,17
progressive,66
hiphop,11
british,155
thrash,40
pop,808
garage,18
jazz,73
r&b,37
female,17
nu,17
90s,15
soul,90
uk,137
blues,92
english,105
ambient,34
classical,30
dream,12
score,12
composer,41
canadian,23
art,38
us,10
electronica,82
disco,18
southern,13
death,70
américain,31
dance,188
symphonic,26
psychedelic,41
hall,37
80s,27
emo,19
east,10
punk,182
film,15
doom,12
european,41
vocal,16
bass,13
black,20
easy,10
soundtrack,21
dark,10
classic,163
neo,15
vocalists,14
chart,63
dutch,10
singer,41
gothic,34
hip,170
metalcore,12
opera,11
electronic,111
70s,11
trip,23
rock,1430
synth,13
wave,43
roll,19
american,175
producer,12
euro,13
reggae,31
soft,23
instrumental,13
house,41
metal,418
10s,10
country,50
hardcore,54
christian,10
songwriter,35
live,15
coast,18
listening,10
downtempo,19
hop,187
irish,10
synthpop,39
england,26
seen,10
celtic,10
indie,329
baroque,11
00s,15
ska,16
acoustic,35
california,12
music,26
trance,33
alternative,230
post,95
power,46
new,71
states,20
norwegian,15
artist,16
latin,13
age,10
australian,10
musicals,10
revival,13
grunge,29
rap,53
techno,14
heavy,37
band,21
soundtracks,11
britannique,32
hard,68
industrial,32
glam,22
french,21
german,52
sophisti,11
adult,19
electropop,37
speed,11
swedish,19
rhythm,16
usa,70
united,29
folk,128
contemporary,56
melodic,18
rnb,58
experimental,37
funk,26
